{
  "items": [
    {
      "track": {
        "album": {
          "artists": [
            {
              "external_urls": {
                "spotify": "https://open.spotify.com/artist/2qW4eDZVrF6mlcuaTBEMjh"
              },
              "href": "https://api.spotify.com/v1/artists/2qW4eDZVrF6mlcuaTBEMjh",
              "id": "2qW4eDZVrF6mlcuaTBEMjh",
              "name": "DEHA INC.",
              "type": "artist",
              "uri": "spotify:artist:2qW4eDZVrF6mlcuaTBEMjh"
            },
            {
              "external_urls": {
                "spotify": "https://open.spotify.com/artist/2ivdJjs8c34cBxVmNI6zSK"
              },
              "href": "https://api.spotify.com/v1/artists/2ivdJjs8c34cBxVmNI6zSK",
              "id": "2ivdJjs8c34cBxVmNI6zSK",
              "name": "13 Killoki",
              "type": "artist",
              "uri": "spotify:artist:2ivdJjs8c34cBxVmNI6zSK"
            },
            {
              "external_urls": {
                "spotify": ""
              },
              "href": "",
              "id": "",
              "name": "oxyinc",
              "type": "artist",
              "uri": ""
            }
          ],
          "href": "https://api.spotify.com/v1/albums/6kHdzdsJOd0GNbSXu4gIjW",
          "images": [
            {
              "url": "https://i.scdn.co/image/ab67616d0000b2739ddbec639bdbb70bcd62480b",
              "width": 640,
              "height": 640
            },
            {
              "url": "https://i.scdn.co/image/ab67616d00001e029ddbec639bdbb70bcd62480b",
              "width": 300,
              "height": 300
            },
            {
              "url": "https://i.scdn.co/image/ab67616d000048519ddbec639bdbb70bcd62480b",
              "width": 64,
              "height": 64
            }
          ],
          "name": "DREYKO TATILDE",
          "uri": "spotify:album:6kHdzdsJOd0GNbSXu4gIjW"
        },
        "duration_ms": 116471,
        "id": "2yH6zAId393blOvwfPxCFy",
        "name": "DREYKO TATILDE"
      }
    },
    {
      "track": {
        "album": {
          "artists": [
            {
              "external_urls": {
                "spotify": "https://open.spotify.com/artist/2qW4eDZVrF6mlcuaTBEMjh"
              },
              "href": "https://api.spotify.com/v1/artists/2qW4eDZVrF6mlcuaTBEMjh",
              "id": "2qW4eDZVrF6mlcuaTBEMjh",
              "name": "DEHA INC.",
              "type": "artist",
              "uri": "spotify:artist:2qW4eDZVrF6mlcuaTBEMjh"
            }
          ],
          "href": "https://api.spotify.com/v1/albums/0W2eJ9LWmkCXhiKokKTlJy",
          "images": [
            {
              "url": "https://i.scdn.co/image/ab67616d0000b2739b22d53ff804a79fd3c40303",
              "width": 640,
              "height": 640
            },
            {
              "url": "https://i.scdn.co/image/ab67616d00001e029b22d53ff804a79fd3c40303",
              "width": 300,
              "height": 300
            },
            {
              "url": "https://i.scdn.co/image/ab67616d000048519b22d53ff804a79fd3c40303",
              "width": 64,
              "height": 64
            }
          ],
          "name": "SNEA7ERHEAD",
          "uri": "spotify:album:0W2eJ9LWmkCXhiKokKTlJy"
        },
        "duration_ms": 130434,
        "id": "0Gv0EeDqiIg0Hbdb9GS9Wn",
        "name": "SNEA7ERHEAD"
      }
    },
    {
      "track": {
        "album": {
          "artists": [
            {
              "external_urls": {
                "spotify": "https://open.spotify.com/artist/2ivdJjs8c34cBxVmNI6zSK"
              },
              "href": "https://api.spotify.com/v1/artists/2ivdJjs8c34cBxVmNI6zSK",
              "id": "2ivdJjs8c34cBxVmNI6zSK",
              "name": "13 Killoki",
              "type": "artist",
              "uri": "spotify:artist:2ivdJjs8c34cBxVmNI6zSK"
            }
          ],
          "href": "https://api.spotify.com/v1/albums/2mIC4SBg8lXl4q1G20DLc1",
          "images": [
            {
              "url": "https://i.scdn.co/image/ab67616d0000b2738f7c85fa6fa63fa6d98eaafa",
              "width": 640,
              "height": 640
            },
            {
              "url": "https://i.scdn.co/image/ab67616d00001e028f7c85fa6fa63fa6d98eaafa",
              "width": 300,
              "height": 300
            },
            {
              "url": "https://i.scdn.co/image/ab67616d000048518f7c85fa6fa63fa6d98eaafa",
              "width": 64,
              "height": 64
            }
          ],
          "name": "DRGRACE",
          "uri": "spotify:album:2mIC4SBg8lXl4q1G20DLc1"
        },
        "duration_ms": 72452,
        "id": "6Imy7NQZgTUYHK3aIxeuGs",
        "name": "UNDERGROUND PRODIGY"
      }
    },
    {
      "track": {
        "album": {
          "artists": [
            {
              "external_urls": {
                "spotify": "https://open.spotify.com/artist/51DevdOxIJin6DB1FXJpD1"
              },
              "href": "https://api.spotify.com/v1/artists/51DevdOxIJin6DB1FXJpD1",
              "id": "51DevdOxIJin6DB1FXJpD1",
              "name": "UZI",
              "type": "artist",
              "uri": "spotify:artist:51DevdOxIJin6DB1FXJpD1"
            }
          ],
          "href": "https://api.spotify.com/v1/albums/3IBcauSj5M2A6lTeffJzdv",
          "images": [
            {
              "url": "https://i.scdn.co/image/ab67616d0000b27367c738a703dc979f5c3c52ef",
              "width": 640,
              "height": 640
            },
            {
              "url": "https://i.scdn.co/image/ab67616d00001e0267c738a703dc979f5c3c52ef",
              "width": 300,
              "height": 300
            },
            {
              "url": "https://i.scdn.co/image/ab67616d0000485167c738a703dc979f5c3c52ef",
              "width": 64,
              "height": 64
            }
          ],
          "name": "Kan",
          "uri": "spotify:album:3IBcauSj5M2A6lTeffJzdv"
        },
        "duration_ms": 185458,
        "id": "72t3CRd8YEFrlc3x0OVaob",
        "name": "Umrumda Değil"
      }
    },
    {
      "track": {
        "album": {
          "artists": [
            {
              "external_urls": {
                "spotify": "https://open.spotify.com/artist/5LbgJGRCmR9pgCxVkBDZw6"
              },
              "href": "https://api.spotify.com/v1/artists/5LbgJGRCmR9pgCxVkBDZw6",
              "id": "5LbgJGRCmR9pgCxVkBDZw6",
              "name": "Esmeray",
              "type": "artist",
              "uri": "spotify:artist:5LbgJGRCmR9pgCxVkBDZw6"
            }
          ],
          "href": "https://api.spotify.com/v1/albums/2fLUchdL2lmIqwP2DO1KJ9",
          "images": [
            {
              "url": "https://i.scdn.co/image/ab67616d0000b273d28234f00eb7e02763fd7f7f",
              "width": 640,
              "height": 640
            },
            {
              "url": "https://i.scdn.co/image/ab67616d00001e02d28234f00eb7e02763fd7f7f",
              "width": 300,
              "height": 300
            },
            {
              "url": "https://i.scdn.co/image/ab67616d00004851d28234f00eb7e02763fd7f7f",
              "width": 64,
              "height": 64
            }
          ],
          "name": "En İyileriyle Esmeray",
          "uri": "spotify:album:2fLUchdL2lmIqwP2DO1KJ9"
        },
        "duration_ms": 247626,
        "id": "1mRlWwAqXJb8OonNuS8UPV",
        "name": "Unutama Beni"
      }
    },
    {
      "track": {
        "album": {
          "artists": [
            {
              "external_urls": {
                "spotify": "https://open.spotify.com/artist/2wioAsnSZ6JmA6I7Y7PDkc"
              },
              "href": "https://api.spotify.com/v1/artists/2wioAsnSZ6JmA6I7Y7PDkc",
              "id": "2wioAsnSZ6JmA6I7Y7PDkc",
              "name": "Gülden Karaböcek",
              "type": "artist",
              "uri": "spotify:artist:2wioAsnSZ6JmA6I7Y7PDkc"
            }
          ],
          "href": "https://api.spotify.com/v1/albums/4JlswY1NUkXOU6mDd8tKfW",
          "images": [
            {
              "url": "https://i.scdn.co/image/ab67616d0000b273ac9292cc0cf68d186733004d",
              "width": 640,
              "height": 640
            },
            {
              "url": "https://i.scdn.co/image/ab67616d00001e02ac9292cc0cf68d186733004d",
              "width": 300,
              "height": 300
            },
            {
              "url": "https://i.scdn.co/image/ab67616d00004851ac9292cc0cf68d186733004d",
              "width": 64,
              "height": 64
            }
          ],
          "name": "Ağlıyorsam Yaşıyorum - Gülden Karaböcek Klasikleri, Vol. 2",
          "uri": "spotify:album:4JlswY1NUkXOU6mDd8tKfW"
        },
        "duration_ms": 220360,
        "id": "6Q0LyWaNDsLi6KefnEKAMd",
        "name": "Sen Evlisin"
      }
    }
  ]
}